Name,Surname,Email
Jordan,Davis,jordan.davis@mockup.io
Jane,Johnson,jane.johnson@mockup.io
John,Williams,john.williams@testmail.com
Cameron,Johnson,cameron.johnson@testmail.com
Alex,Garcia,alex.garcia@testmail.com
Cameron,Miller,cameron.miller@demo.org
Alex,Williams,alex.williams@demo.org
Alex,Smith,alex.smith@demo.org
Emily,Miller,emily.miller@example.com
Chris,Garcia,chris.garcia@mockup.io
Cameron,Miller,cameron.miller@mockup.io
Morgan,Brown,morgan.brown@example.com
Casey,Brown,casey.brown@mockup.io
John,Brown,john.brown@testmail.com
Taylor,Brown,taylor.brown@testmail.com
Morgan,Jones,morgan.jones@sample.net
Cameron,Brown,cameron.brown@sample.net
Alex,Miller,alex.miller@mockup.io
Taylor,Davis,taylor.davis@mockup.io
Morgan,Brown,morgan.brown@demo.org
Casey,Johnson,casey.johnson@demo.org
Jane,Martinez,jane.martinez@demo.org
Cameron,Johnson,cameron.johnson@example.com
Taylor,Williams,taylor.williams@mockup.io
John,Johnson,john.johnson@mockup.io
Casey,Hernandez,casey.hernandez@demo.org
Cameron,Williams,cameron.williams@testmail.com
Taylor,Brown,taylor.brown@testmail.com
Jordan,Williams,jordan.williams@demo.org
Cameron,Johnson,cameron.johnson@sample.net
Jane,Johnson,jane.johnson@testmail.com
Casey,Brown,casey.brown@mockup.io
John,Hernandez,john.hernandez@sample.net
Jane,Brown,jane.brown@example.com
Taylor,Williams,taylor.williams@demo.org
John,Miller,john.miller@testmail.com
Chris,Johnson,chris.johnson@testmail.com
Alex,Smith,alex.smith@sample.net
Jordan,Jones,jordan.jones@sample.net
Alex,Brown,alex.brown@sample.net
Cameron,Hernandez,cameron.hernandez@demo.org
John,Hernandez,john.hernandez@sample.net
John,Martinez,john.martinez@example.com
Jane,Martinez,jane.martinez@demo.org
Emily,Jones,emily.jones@sample.net
Jordan,Garcia,jordan.garcia@demo.org
Taylor,Smith,taylor.smith@example.com
Jane,Garcia,jane.garcia@sample.net
John,Miller,john.miller@example.com
John,Martinez,john.martinez@mockup.io
Jane,Garcia,jane.garcia@demo.org
Alex,Williams,alex.williams@demo.org
Emily,Martinez,emily.martinez@testmail.com
Taylor,Jones,taylor.jones@demo.org
Cameron,Smith,cameron.smith@demo.org
Jordan,Miller,jordan.miller@example.com
Jordan,Davis,jordan.davis@example.com
Jordan,Davis,jordan.davis@mockup.io
Chris,Davis,chris.davis@mockup.io
John,Davis,john.davis@mockup.io
Casey,Davis,casey.davis@sample.net
Chris,Williams,chris.williams@example.com
Casey,Hernandez,casey.hernandez@mockup.io
Taylor,Miller,taylor.miller@mockup.io
Jane,Miller,jane.miller@sample.net
Alex,Garcia,alex.garcia@demo.org
Morgan,Garcia,morgan.garcia@sample.net
John,Miller,john.miller@mockup.io
Casey,Miller,casey.miller@demo.org
Cameron,Garcia,cameron.garcia@example.com
Emily,Martinez,emily.martinez@testmail.com
John,Jones,john.jones@mockup.io
Jane,Hernandez,jane.hernandez@sample.net
Cameron,Garcia,cameron.garcia@example.com
Casey,Brown,casey.brown@demo.org
Alex,Hernandez,alex.hernandez@testmail.com
Jane,Williams,jane.williams@mockup.io
Jane,Garcia,jane.garcia@testmail.com
Chris,Hernandez,chris.hernandez@testmail.com
Morgan,Davis,morgan.davis@example.com
Jordan,Miller,jordan.miller@testmail.com
Taylor,Davis,taylor.davis@testmail.com
Jane,Johnson,jane.johnson@example.com
Chris,Jones,chris.jones@demo.org
Casey,Johnson,casey.johnson@example.com
Morgan,Williams,morgan.williams@testmail.com
Chris,Miller,chris.miller@testmail.com
Chris,Brown,chris.brown@demo.org
Emily,Brown,emily.brown@sample.net
Morgan,Smith,morgan.smith@demo.org
Alex,Hernandez,alex.hernandez@example.com
John,Martinez,john.martinez@example.com
Emily,Hernandez,emily.hernandez@testmail.com
Cameron,Brown,cameron.brown@testmail.com
Emily,Jones,emily.jones@mockup.io
Jane,Garcia,jane.garcia@mockup.io
Emily,Davis,emily.davis@demo.org
Morgan,Hernandez,morgan.hernandez@example.com
Jordan,Miller,jordan.miller@testmail.com
Casey,Brown,casey.brown@mockup.io
Jane,Davis,jane.davis@example.com
Alex,Williams,alex.williams@sample.net
Chris,Smith,chris.smith@demo.org
Taylor,Jones,taylor.jones@demo.org
Alex,Garcia,alex.garcia@example.com
Cameron,Hernandez,cameron.hernandez@example.com
Alex,Williams,alex.williams@demo.org
Cameron,Johnson,cameron.johnson@mockup.io
Casey,Hernandez,casey.hernandez@testmail.com
Casey,Jones,casey.jones@mockup.io
Morgan,Hernandez,morgan.hernandez@demo.org
Emily,Jones,emily.jones@sample.net
Casey,Brown,casey.brown@testmail.com
Chris,Smith,chris.smith@example.com
Taylor,Jones,taylor.jones@sample.net
Morgan,Jones,morgan.jones@testmail.com
Chris,Miller,chris.miller@example.com
Emily,Brown,emily.brown@example.com
Chris,Smith,chris.smith@example.com
Casey,Davis,casey.davis@mockup.io
Casey,Brown,casey.brown@testmail.com
Taylor,Martinez,taylor.martinez@example.com
Morgan,Garcia,morgan.garcia@demo.org
Cameron,Davis,cameron.davis@example.com
Cameron,Johnson,cameron.johnson@mockup.io
Jordan,Garcia,jordan.garcia@demo.org
Morgan,Jones,morgan.jones@testmail.com
John,Jones,john.jones@testmail.com
Jane,Jones,jane.jones@mockup.io
Taylor,Miller,taylor.miller@demo.org
Chris,Martinez,chris.martinez@sample.net
Jane,Garcia,jane.garcia@testmail.com
Cameron,Davis,cameron.davis@example.com
Jane,Williams,jane.williams@testmail.com
Alex,Brown,alex.brown@demo.org
Alex,Hernandez,alex.hernandez@testmail.com
Emily,Johnson,emily.johnson@mockup.io
Casey,Williams,casey.williams@demo.org
Cameron,Miller,cameron.miller@demo.org
Morgan,Williams,morgan.williams@sample.net
Jordan,Davis,jordan.davis@mockup.io
Morgan,Davis,morgan.davis@demo.org
John,Martinez,john.martinez@example.com
Cameron,Smith,cameron.smith@testmail.com
Morgan,Williams,morgan.williams@mockup.io
Jordan,Davis,jordan.davis@testmail.com
Cameron,Jones,cameron.jones@testmail.com
Taylor,Hernandez,taylor.hernandez@mockup.io
Chris,Johnson,chris.johnson@example.com
Emily,Miller,emily.miller@testmail.com
Alex,Garcia,alex.garcia@demo.org
Chris,Brown,chris.brown@demo.org
Alex,Williams,alex.williams@example.com
Chris,Johnson,chris.johnson@testmail.com
Alex,Davis,alex.davis@mockup.io
Emily,Martinez,emily.martinez@sample.net
Morgan,Davis,morgan.davis@mockup.io
Casey,Brown,casey.brown@example.com
Cameron,Hernandez,cameron.hernandez@sample.net
John,Hernandez,john.hernandez@demo.org
Cameron,Williams,cameron.williams@demo.org
Jane,Williams,jane.williams@demo.org
Casey,Johnson,casey.johnson@sample.net
Emily,Jones,emily.jones@testmail.com
Emily,Martinez,emily.martinez@testmail.com
John,Williams,john.williams@example.com
Jane,Smith,jane.smith@sample.net
Jordan,Garcia,jordan.garcia@sample.net
Cameron,Miller,cameron.miller@example.com
Morgan,Williams,morgan.williams@testmail.com
Alex,Davis,alex.davis@demo.org
Casey,Garcia,casey.garcia@demo.org
Morgan,Miller,morgan.miller@demo.org
Jordan,Johnson,jordan.johnson@sample.net
Morgan,Brown,morgan.brown@sample.net
Chris,Garcia,chris.garcia@sample.net
Morgan,Miller,morgan.miller@example.com
Morgan,Miller,morgan.miller@example.com
Taylor,Hernandez,taylor.hernandez@mockup.io
Taylor,Williams,taylor.williams@demo.org
Chris,Johnson,chris.johnson@demo.org
Chris,Davis,chris.davis@mockup.io
Chris,Smith,chris.smith@mockup.io
John,Jones,john.jones@mockup.io
Jordan,Davis,jordan.davis@sample.net
Emily,Martinez,emily.martinez@sample.net
Emily,Jones,emily.jones@demo.org
Emily,Garcia,emily.garcia@sample.net
Jane,Jones,jane.jones@testmail.com
Jordan,Smith,jordan.smith@example.com
Alex,Williams,alex.williams@example.com
Taylor,Martinez,taylor.martinez@testmail.com
Emily,Garcia,emily.garcia@demo.org
Alex,Martinez,alex.martinez@demo.org
Jordan,Garcia,jordan.garcia@testmail.com
Morgan,Williams,morgan.williams@mockup.io
Morgan,Miller,morgan.miller@testmail.com
Emily,Johnson,emily.johnson@demo.org
John,Martinez,john.martinez@example.com
Jane,Garcia,jane.garcia@mockup.io
Taylor,Martinez,taylor.martinez@testmail.com
Casey,Brown,casey.brown@mockup.io
Jordan,Williams,jordan.williams@sample.net
Chris,Hernandez,chris.hernandez@testmail.com
John,Hernandez,john.hernandez@testmail.com
Taylor,Johnson,taylor.johnson@mockup.io
Jordan,Williams,jordan.williams@example.com
Casey,Hernandez,casey.hernandez@mockup.io
Taylor,Garcia,taylor.garcia@demo.org
Taylor,Martinez,taylor.martinez@testmail.com
Jordan,Garcia,jordan.garcia@testmail.com
John,Smith,john.smith@demo.org
Jane,Garcia,jane.garcia@sample.net
Chris,Brown,chris.brown@sample.net
Jordan,Martinez,jordan.martinez@testmail.com
Casey,Johnson,casey.johnson@example.com
Emily,Smith,emily.smith@example.com
Taylor,Smith,taylor.smith@example.com
Chris,Hernandez,chris.hernandez@mockup.io
John,Smith,john.smith@demo.org
Cameron,Brown,cameron.brown@mockup.io
Emily,Williams,emily.williams@demo.org
Chris,Garcia,chris.garcia@testmail.com
Morgan,Johnson,morgan.johnson@example.com
John,Jones,john.jones@sample.net
Cameron,Garcia,cameron.garcia@demo.org
Jordan,Garcia,jordan.garcia@demo.org
Casey,Martinez,casey.martinez@sample.net
Morgan,Martinez,morgan.martinez@mockup.io
Alex,Davis,alex.davis@mockup.io
Emily,Smith,emily.smith@sample.net
Alex,Martinez,alex.martinez@sample.net
Cameron,Smith,cameron.smith@testmail.com
Casey,Smith,casey.smith@mockup.io
Alex,Johnson,alex.johnson@testmail.com
Jordan,Martinez,jordan.martinez@demo.org
Cameron,Miller,cameron.miller@sample.net
Casey,Smith,casey.smith@testmail.com
John,Johnson,john.johnson@testmail.com
Jordan,Johnson,jordan.johnson@mockup.io
Jane,Johnson,jane.johnson@testmail.com
Chris,Miller,chris.miller@testmail.com
Jane,Garcia,jane.garcia@testmail.com
Alex,Hernandez,alex.hernandez@demo.org
Morgan,Brown,morgan.brown@demo.org
John,Smith,john.smith@example.com
Morgan,Davis,morgan.davis@testmail.com
Taylor,Martinez,taylor.martinez@demo.org
Cameron,Smith,cameron.smith@sample.net
Jordan,Garcia,jordan.garcia@example.com
Jane,Jones,jane.jones@mockup.io
Jordan,Davis,jordan.davis@demo.org
Jordan,Davis,jordan.davis@testmail.com
Jordan,Smith,jordan.smith@mockup.io
Cameron,Garcia,cameron.garcia@sample.net
Morgan,Johnson,morgan.johnson@sample.net
Alex,Hernandez,alex.hernandez@testmail.com
Morgan,Martinez,morgan.martinez@sample.net
Alex,Garcia,alex.garcia@testmail.com
Chris,Garcia,chris.garcia@testmail.com
Morgan,Smith,morgan.smith@mockup.io
Casey,Williams,casey.williams@mockup.io
Morgan,Williams,morgan.williams@demo.org
Taylor,Hernandez,taylor.hernandez@sample.net
Morgan,Smith,morgan.smith@example.com
Jordan,Smith,jordan.smith@example.com
Morgan,Johnson,morgan.johnson@sample.net
Taylor,Garcia,taylor.garcia@example.com
Jordan,Johnson,jordan.johnson@sample.net
Emily,Miller,emily.miller@mockup.io
Jordan,Jones,jordan.jones@example.com
Casey,Johnson,casey.johnson@sample.net
Emily,Jones,emily.jones@sample.net
Emily,Garcia,emily.garcia@demo.org
Emily,Miller,emily.miller@demo.org
Chris,Williams,chris.williams@testmail.com
Casey,Miller,casey.miller@mockup.io
John,Garcia,john.garcia@testmail.com
Taylor,Jones,taylor.jones@testmail.com
John,Brown,john.brown@sample.net
Jordan,Smith,jordan.smith@testmail.com
Jordan,Jones,jordan.jones@testmail.com
Jordan,Smith,jordan.smith@mockup.io
Jordan,Brown,jordan.brown@demo.org
Alex,Garcia,alex.garcia@example.com
Morgan,Hernandez,morgan.hernandez@mockup.io
Chris,Miller,chris.miller@sample.net
John,Williams,john.williams@demo.org
John,Brown,john.brown@mockup.io
Cameron,Brown,cameron.brown@sample.net
Taylor,Miller,taylor.miller@sample.net
Taylor,Miller,taylor.miller@sample.net
Morgan,Jones,morgan.jones@demo.org
Alex,Brown,alex.brown@testmail.com
John,Davis,john.davis@demo.org
Morgan,Hernandez,morgan.hernandez@sample.net
Alex,Martinez,alex.martinez@sample.net
Jane,Smith,jane.smith@demo.org
Morgan,Martinez,morgan.martinez@demo.org
Jane,Jones,jane.jones@mockup.io
Jordan,Miller,jordan.miller@testmail.com
John,Martinez,john.martinez@demo.org
Chris,Garcia,chris.garcia@sample.net
Alex,Miller,alex.miller@mockup.io
Cameron,Brown,cameron.brown@mockup.io
Alex,Hernandez,alex.hernandez@testmail.com
Taylor,Jones,taylor.jones@example.com
Morgan,Williams,morgan.williams@sample.net
Emily,Davis,emily.davis@demo.org
Taylor,Brown,taylor.brown@example.com
Jordan,Miller,jordan.miller@example.com
Cameron,Hernandez,cameron.hernandez@example.com
Taylor,Hernandez,taylor.hernandez@demo.org
Morgan,Miller,morgan.miller@testmail.com
Emily,Smith,emily.smith@mockup.io
Morgan,Jones,morgan.jones@sample.net
Cameron,Martinez,cameron.martinez@example.com
Emily,Garcia,emily.garcia@testmail.com
John,Garcia,john.garcia@mockup.io
Cameron,Hernandez,cameron.hernandez@testmail.com
Jordan,Jones,jordan.jones@sample.net
Chris,Smith,chris.smith@sample.net
Chris,Martinez,chris.martinez@demo.org
Cameron,Smith,cameron.smith@sample.net
Alex,Johnson,alex.johnson@example.com
Jane,Garcia,jane.garcia@example.com
Jordan,Brown,jordan.brown@testmail.com
Morgan,Hernandez,morgan.hernandez@demo.org
Emily,Brown,emily.brown@testmail.com
Emily,Williams,emily.williams@mockup.io
Jordan,Miller,jordan.miller@testmail.com
Alex,Martinez,alex.martinez@mockup.io
John,Davis,john.davis@testmail.com
Casey,Davis,casey.davis@mockup.io
Taylor,Garcia,taylor.garcia@sample.net
Alex,Williams,alex.williams@mockup.io
Emily,Garcia,emily.garcia@example.com
Chris,Garcia,chris.garcia@testmail.com
Alex,Miller,alex.miller@example.com
Casey,Jones,casey.jones@demo.org
Casey,Smith,casey.smith@demo.org
Chris,Miller,chris.miller@sample.net
John,Hernandez,john.hernandez@example.com
Jordan,Jones,jordan.jones@mockup.io
Jordan,Smith,jordan.smith@demo.org
Morgan,Garcia,morgan.garcia@demo.org
Chris,Johnson,chris.johnson@demo.org
Morgan,Martinez,morgan.martinez@sample.net
Morgan,Hernandez,morgan.hernandez@mockup.io
Taylor,Williams,taylor.williams@mockup.io
Casey,Garcia,casey.garcia@testmail.com
Jordan,Brown,jordan.brown@demo.org
John,Hernandez,john.hernandez@sample.net
Emily,Martinez,emily.martinez@demo.org
Taylor,Johnson,taylor.johnson@demo.org
Emily,Smith,emily.smith@mockup.io
Jordan,Williams,jordan.williams@sample.net
Casey,Davis,casey.davis@testmail.com
Emily,Smith,emily.smith@example.com
Alex,Garcia,alex.garcia@mockup.io
Jordan,Johnson,jordan.johnson@example.com
Morgan,Brown,morgan.brown@sample.net
Jane,Davis,jane.davis@sample.net
John,Jones,john.jones@example.com
Taylor,Jones,taylor.jones@testmail.com
Morgan,Johnson,morgan.johnson@mockup.io
Morgan,Hernandez,morgan.hernandez@example.com
John,Miller,john.miller@demo.org
Taylor,Smith,taylor.smith@sample.net
Casey,Smith,casey.smith@demo.org
Taylor,Smith,taylor.smith@sample.net
Alex,Jones,alex.jones@sample.net
Taylor,Smith,taylor.smith@example.com
John,Miller,john.miller@example.com
Jordan,Miller,jordan.miller@testmail.com
Jordan,Jones,jordan.jones@example.com
Taylor,Davis,taylor.davis@mockup.io
Jane,Johnson,jane.johnson@demo.org
Cameron,Davis,cameron.davis@sample.net
Taylor,Johnson,taylor.johnson@example.com
Alex,Williams,alex.williams@example.com
Emily,Davis,emily.davis@sample.net
John,Miller,john.miller@sample.net
Jordan,Johnson,jordan.johnson@mockup.io
Chris,Hernandez,chris.hernandez@demo.org
Taylor,Jones,taylor.jones@sample.net
Morgan,Williams,morgan.williams@testmail.com
Emily,Garcia,emily.garcia@sample.net
Alex,Williams,alex.williams@testmail.com
Casey,Garcia,casey.garcia@example.com
Morgan,Johnson,morgan.johnson@mockup.io
John,Davis,john.davis@example.com
Cameron,Davis,cameron.davis@demo.org
Morgan,Davis,morgan.davis@demo.org
Casey,Garcia,casey.garcia@demo.org
Cameron,Williams,cameron.williams@testmail.com
John,Garcia,john.garcia@mockup.io
Emily,Johnson,emily.johnson@mockup.io
Casey,Davis,casey.davis@mockup.io
Jordan,Hernandez,jordan.hernandez@example.com
Casey,Miller,casey.miller@example.com
Chris,Miller,chris.miller@example.com
Alex,Davis,alex.davis@example.com
Cameron,Miller,cameron.miller@mockup.io
Chris,Martinez,chris.martinez@sample.net
Alex,Garcia,alex.garcia@sample.net
Emily,Jones,emily.jones@mockup.io
Chris,Johnson,chris.johnson@mockup.io
Alex,Brown,alex.brown@example.com
Jordan,Brown,jordan.brown@sample.net
John,Davis,john.davis@testmail.com
Chris,Johnson,chris.johnson@sample.net
John,Martinez,john.martinez@sample.net
Cameron,Miller,cameron.miller@demo.org
Chris,Williams,chris.williams@mockup.io
Alex,Smith,alex.smith@example.com
Taylor,Hernandez,taylor.hernandez@mockup.io
Casey,Martinez,casey.martinez@testmail.com
Taylor,Johnson,taylor.johnson@example.com
Morgan,Jones,morgan.jones@mockup.io
Casey,Martinez,casey.martinez@demo.org
Alex,Smith,alex.smith@mockup.io
Chris,Johnson,chris.johnson@mockup.io
Chris,Brown,chris.brown@sample.net
Alex,Hernandez,alex.hernandez@mockup.io
Casey,Hernandez,casey.hernandez@mockup.io
Cameron,Martinez,cameron.martinez@sample.net
Alex,Smith,alex.smith@sample.net
John,Jones,john.jones@example.com
Chris,Jones,chris.jones@example.com
Taylor,Miller,taylor.miller@mockup.io
Morgan,Smith,morgan.smith@testmail.com
Alex,Davis,alex.davis@example.com
Jordan,Miller,jordan.miller@mockup.io
Jordan,Smith,jordan.smith@sample.net
Jane,Williams,jane.williams@demo.org
Casey,Brown,casey.brown@example.com
Casey,Johnson,casey.johnson@mockup.io
Emily,Hernandez,emily.hernandez@mockup.io
Emily,Davis,emily.davis@example.com
Alex,Davis,alex.davis@demo.org
Chris,Jones,chris.jones@demo.org
Taylor,Martinez,taylor.martinez@example.com
Morgan,Davis,morgan.davis@demo.org
Morgan,Davis,morgan.davis@demo.org
Taylor,Garcia,taylor.garcia@mockup.io
Taylor,Johnson,taylor.johnson@demo.org
Morgan,Williams,morgan.williams@mockup.io
Jane,Hernandez,jane.hernandez@mockup.io
Casey,Brown,casey.brown@mockup.io
John,Davis,john.davis@demo.org
Alex,Williams,alex.williams@sample.net
Casey,Hernandez,casey.hernandez@mockup.io
Casey,Miller,casey.miller@mockup.io
Jordan,Davis,jordan.davis@demo.org
Taylor,Davis,taylor.davis@testmail.com
Emily,Miller,emily.miller@testmail.com
Jane,Garcia,jane.garcia@demo.org
Cameron,Garcia,cameron.garcia@demo.org
Jane,Hernandez,jane.hernandez@testmail.com
Morgan,Martinez,morgan.martinez@testmail.com
Jordan,Martinez,jordan.martinez@example.com
Emily,Williams,emily.williams@example.com
Alex,Miller,alex.miller@testmail.com
Casey,Brown,casey.brown@mockup.io
Jane,Williams,jane.williams@testmail.com
Morgan,Smith,morgan.smith@mockup.io
Morgan,Garcia,morgan.garcia@demo.org
Casey,Brown,casey.brown@example.com
Jane,Hernandez,jane.hernandez@demo.org
Emily,Martinez,emily.martinez@sample.net
Cameron,Miller,cameron.miller@testmail.com
Jane,Jones,jane.jones@sample.net
John,Smith,john.smith@example.com
Chris,Johnson,chris.johnson@testmail.com
Chris,Miller,chris.miller@testmail.com
Casey,Hernandez,casey.hernandez@demo.org
John,Jones,john.jones@mockup.io
Chris,Martinez,chris.martinez@demo.org
Alex,Garcia,alex.garcia@testmail.com
Chris,Brown,chris.brown@sample.net
Morgan,Jones,morgan.jones@mockup.io
Emily,Hernandez,emily.hernandez@example.com
Jane,Johnson,jane.johnson@demo.org
Casey,Jones,casey.jones@example.com
Jane,Brown,jane.brown@example.com
Casey,Martinez,casey.martinez@example.com
Jordan,Miller,jordan.miller@demo.org
Jordan,Williams,jordan.williams@example.com
Alex,Hernandez,alex.hernandez@example.com
Taylor,Johnson,taylor.johnson@testmail.com
Jane,Hernandez,jane.hernandez@demo.org
Casey,Johnson,casey.johnson@testmail.com
Chris,Hernandez,chris.hernandez@testmail.com
Chris,Brown,chris.brown@testmail.com
Chris,Smith,chris.smith@sample.net
Morgan,Johnson,morgan.johnson@sample.net
Jordan,Hernandez,jordan.hernandez@example.com
Chris,Jones,chris.jones@example.com
Morgan,Brown,morgan.brown@sample.net
Jordan,Brown,jordan.brown@mockup.io
Alex,Johnson,alex.johnson@testmail.com
Emily,Hernandez,emily.hernandez@sample.net
Cameron,Davis,cameron.davis@example.com
Taylor,Hernandez,taylor.hernandez@demo.org
Casey,Garcia,casey.garcia@sample.net
Jordan,Johnson,jordan.johnson@testmail.com
Jordan,Miller,jordan.miller@mockup.io
Alex,Brown,alex.brown@testmail.com
Emily,Smith,emily.smith@demo.org
John,Jones,john.jones@mockup.io
Jane,Hernandez,jane.hernandez@testmail.com
Jordan,Martinez,jordan.martinez@mockup.io
Jane,Hernandez,jane.hernandez@testmail.com
Chris,Jones,chris.jones@sample.net
Jordan,Smith,jordan.smith@sample.net
Casey,Brown,casey.brown@testmail.com
Jordan,Williams,jordan.williams@demo.org
Casey,Hernandez,casey.hernandez@sample.net
Alex,Martinez,alex.martinez@demo.org
John,Garcia,john.garcia@example.com
Jane,Garcia,jane.garcia@mockup.io
Jane,Garcia,jane.garcia@mockup.io
Emily,Johnson,emily.johnson@example.com
Jordan,Miller,jordan.miller@example.com
Cameron,Smith,cameron.smith@demo.org
Morgan,Miller,morgan.miller@demo.org
Taylor,Brown,taylor.brown@example.com
Jordan,Miller,jordan.miller@testmail.com
Emily,Smith,emily.smith@example.com
Chris,Brown,chris.brown@testmail.com
Morgan,Garcia,morgan.garcia@sample.net
Emily,Williams,emily.williams@demo.org
Jane,Martinez,jane.martinez@testmail.com
Morgan,Hernandez,morgan.hernandez@demo.org
Casey,Miller,casey.miller@sample.net
Cameron,Williams,cameron.williams@demo.org
Jane,Miller,jane.miller@example.com
Emily,Garcia,emily.garcia@demo.org
Chris,Johnson,chris.johnson@sample.net
John,Martinez,john.martinez@mockup.io
Chris,Miller,chris.miller@demo.org
Alex,Brown,alex.brown@testmail.com
John,Brown,john.brown@sample.net
Chris,Jones,chris.jones@mockup.io
Alex,Miller,alex.miller@demo.org
John,Martinez,john.martinez@example.com
Chris,Miller,chris.miller@example.com
Taylor,Brown,taylor.brown@sample.net
Morgan,Hernandez,morgan.hernandez@testmail.com
Casey,Garcia,casey.garcia@example.com
Morgan,Hernandez,morgan.hernandez@sample.net
Emily,Smith,emily.smith@testmail.com
Cameron,Martinez,cameron.martinez@example.com
Casey,Davis,casey.davis@example.com
Morgan,Martinez,morgan.martinez@demo.org
Alex,Johnson,alex.johnson@example.com
Cameron,Martinez,cameron.martinez@example.com
Chris,Hernandez,chris.hernandez@mockup.io
Alex,Martinez,alex.martinez@sample.net
Alex,Hernandez,alex.hernandez@example.com
Chris,Garcia,chris.garcia@example.com
Jordan,Martinez,jordan.martinez@sample.net
Taylor,Hernandez,taylor.hernandez@mockup.io
Cameron,Williams,cameron.williams@mockup.io
Emily,Martinez,emily.martinez@demo.org
Jane,Miller,jane.miller@demo.org
Morgan,Martinez,morgan.martinez@demo.org
Chris,Jones,chris.jones@testmail.com
Chris,Jones,chris.jones@testmail.com
Taylor,Johnson,taylor.johnson@mockup.io
Morgan,Garcia,morgan.garcia@mockup.io
Emily,Williams,emily.williams@sample.net
Jane,Martinez,jane.martinez@example.com
Taylor,Smith,taylor.smith@demo.org
Jordan,Jones,jordan.jones@sample.net
Casey,Johnson,casey.johnson@sample.net
Taylor,Miller,taylor.miller@mockup.io
Morgan,Williams,morgan.williams@mockup.io
Emily,Williams,emily.williams@testmail.com
Alex,Williams,alex.williams@mockup.io
Casey,Jones,casey.jones@sample.net
Alex,Jones,alex.jones@sample.net
Emily,Brown,emily.brown@mockup.io
John,Garcia,john.garcia@mockup.io
Emily,Johnson,emily.johnson@mockup.io
Emily,Johnson,emily.johnson@testmail.com
Cameron,Brown,cameron.brown@sample.net
Chris,Johnson,chris.johnson@example.com
Cameron,Miller,cameron.miller@testmail.com
Chris,Brown,chris.brown@testmail.com
John,Brown,john.brown@testmail.com
Jordan,Williams,jordan.williams@demo.org
John,Johnson,john.johnson@mockup.io
Emily,Garcia,emily.garcia@testmail.com
Chris,Williams,chris.williams@testmail.com
Alex,Smith,alex.smith@demo.org
Alex,Jones,alex.jones@example.com
Alex,Hernandez,alex.hernandez@sample.net
Alex,Martinez,alex.martinez@sample.net
Jane,Brown,jane.brown@testmail.com
John,Garcia,john.garcia@sample.net
Morgan,Martinez,morgan.martinez@testmail.com
Chris,Martinez,chris.martinez@demo.org
Taylor,Brown,taylor.brown@mockup.io
Alex,Johnson,alex.johnson@demo.org
Casey,Davis,casey.davis@example.com
Emily,Martinez,emily.martinez@mockup.io
Jordan,Brown,jordan.brown@demo.org
Emily,Jones,emily.jones@sample.net
Cameron,Davis,cameron.davis@example.com
Emily,Hernandez,emily.hernandez@sample.net
Emily,Miller,emily.miller@mockup.io
Jordan,Davis,jordan.davis@testmail.com
Jane,Martinez,jane.martinez@testmail.com
Cameron,Jones,cameron.jones@demo.org
Cameron,Williams,cameron.williams@demo.org
Chris,Hernandez,chris.hernandez@demo.org
Taylor,Davis,taylor.davis@example.com
Emily,Garcia,emily.garcia@sample.net
Alex,Johnson,alex.johnson@testmail.com
Alex,Davis,alex.davis@example.com
Taylor,Johnson,taylor.johnson@mockup.io
Morgan,Smith,morgan.smith@mockup.io
John,Brown,john.brown@demo.org
Alex,Williams,alex.williams@testmail.com
Emily,Davis,emily.davis@demo.org
Emily,Miller,emily.miller@mockup.io
Casey,Miller,casey.miller@mockup.io
Emily,Johnson,emily.johnson@example.com
John,Garcia,john.garcia@mockup.io
Cameron,Brown,cameron.brown@mockup.io
Jane,Martinez,jane.martinez@testmail.com
Jane,Jones,jane.jones@mockup.io
Jordan,Garcia,jordan.garcia@mockup.io
Jane,Smith,jane.smith@sample.net
Taylor,Johnson,taylor.johnson@sample.net
Jordan,Brown,jordan.brown@demo.org
John,Hernandez,john.hernandez@example.com
Alex,Brown,alex.brown@example.com
Jordan,Davis,jordan.davis@testmail.com
John,Jones,john.jones@demo.org
Chris,Jones,chris.jones@mockup.io
Chris,Miller,chris.miller@testmail.com
Alex,Davis,alex.davis@sample.net
Jordan,Jones,jordan.jones@testmail.com
Cameron,Garcia,cameron.garcia@testmail.com
Alex,Garcia,alex.garcia@example.com
Jordan,Brown,jordan.brown@mockup.io
Morgan,Hernandez,morgan.hernandez@mockup.io
Cameron,Garcia,cameron.garcia@mockup.io
Jane,Brown,jane.brown@testmail.com
Cameron,Martinez,cameron.martinez@demo.org
Morgan,Garcia,morgan.garcia@example.com
Morgan,Brown,morgan.brown@mockup.io
Taylor,Jones,taylor.jones@mockup.io
Morgan,Smith,morgan.smith@demo.org
Casey,Johnson,casey.johnson@sample.net
Cameron,Brown,cameron.brown@example.com
Morgan,Brown,morgan.brown@testmail.com
Jane,Davis,jane.davis@testmail.com
Morgan,Davis,morgan.davis@demo.org
Casey,Davis,casey.davis@demo.org
Taylor,Davis,taylor.davis@sample.net
John,Hernandez,john.hernandez@testmail.com
Alex,Johnson,alex.johnson@demo.org
John,Miller,john.miller@sample.net
John,Brown,john.brown@sample.net
Cameron,Smith,cameron.smith@testmail.com
Casey,Brown,casey.brown@testmail.com
Morgan,Williams,morgan.williams@demo.org
Alex,Davis,alex.davis@mockup.io
Chris,Williams,chris.williams@demo.org
Morgan,Williams,morgan.williams@testmail.com
Jane,Garcia,jane.garcia@sample.net
Alex,Smith,alex.smith@demo.org
Jordan,Johnson,jordan.johnson@demo.org
John,Smith,john.smith@sample.net
Taylor,Jones,taylor.jones@sample.net
Morgan,Smith,morgan.smith@testmail.com
Emily,Johnson,emily.johnson@demo.org
Jordan,Garcia,jordan.garcia@sample.net
Chris,Williams,chris.williams@sample.net
Taylor,Brown,taylor.brown@sample.net
Casey,Brown,casey.brown@demo.org
Cameron,Smith,cameron.smith@demo.org
Emily,Smith,emily.smith@demo.org
Cameron,Jones,cameron.jones@sample.net
Alex,Smith,alex.smith@example.com
Jane,Davis,jane.davis@mockup.io
Casey,Martinez,casey.martinez@demo.org
Jane,Garcia,jane.garcia@mockup.io
Casey,Martinez,casey.martinez@mockup.io
Morgan,Brown,morgan.brown@testmail.com
Morgan,Williams,morgan.williams@demo.org
Taylor,Hernandez,taylor.hernandez@demo.org
Jordan,Martinez,jordan.martinez@example.com
Morgan,Garcia,morgan.garcia@testmail.com
Emily,Miller,emily.miller@demo.org
Morgan,Jones,morgan.jones@mockup.io
Taylor,Smith,taylor.smith@mockup.io
Alex,Brown,alex.brown@example.com
Alex,Johnson,alex.johnson@demo.org
Jane,Williams,jane.williams@sample.net
Chris,Williams,chris.williams@sample.net
Chris,Brown,chris.brown@example.com
Emily,Brown,emily.brown@sample.net
John,Davis,john.davis@sample.net
Taylor,Garcia,taylor.garcia@sample.net
Casey,Smith,casey.smith@sample.net
Taylor,Martinez,taylor.martinez@example.com
Cameron,Hernandez,cameron.hernandez@mockup.io
Jordan,Davis,jordan.davis@testmail.com
Morgan,Hernandez,morgan.hernandez@demo.org
Emily,Davis,emily.davis@mockup.io
Taylor,Johnson,taylor.johnson@sample.net
Alex,Jones,alex.jones@mockup.io
John,Garcia,john.garcia@testmail.com
Jane,Brown,jane.brown@example.com
Alex,Jones,alex.jones@sample.net
Alex,Smith,alex.smith@testmail.com
Jordan,Brown,jordan.brown@example.com
Emily,Johnson,emily.johnson@testmail.com
Cameron,Williams,cameron.williams@mockup.io
Taylor,Smith,taylor.smith@mockup.io
Casey,Smith,casey.smith@sample.net
Jane,Miller,jane.miller@demo.org
Jane,Jones,jane.jones@sample.net
Taylor,Miller,taylor.miller@example.com
Jane,Jones,jane.jones@example.com
Chris,Brown,chris.brown@mockup.io
Emily,Jones,emily.jones@example.com
Taylor,Davis,taylor.davis@sample.net
John,Martinez,john.martinez@sample.net
Cameron,Hernandez,cameron.hernandez@mockup.io
John,Davis,john.davis@testmail.com
Casey,Davis,casey.davis@demo.org
Alex,Martinez,alex.martinez@demo.org
John,Hernandez,john.hernandez@example.com
Chris,Martinez,chris.martinez@demo.org
Jordan,Hernandez,jordan.hernandez@mockup.io
Casey,Miller,casey.miller@example.com
Jordan,Jones,jordan.jones@testmail.com
Jane,Miller,jane.miller@testmail.com
Morgan,Jones,morgan.jones@testmail.com
Morgan,Davis,morgan.davis@testmail.com
Casey,Johnson,casey.johnson@sample.net
Morgan,Davis,morgan.davis@demo.org
Chris,Hernandez,chris.hernandez@sample.net
Jordan,Martinez,jordan.martinez@mockup.io
Chris,Davis,chris.davis@mockup.io
Taylor,Williams,taylor.williams@mockup.io
Jane,Hernandez,jane.hernandez@sample.net
Alex,Hernandez,alex.hernandez@example.com
Alex,Brown,alex.brown@example.com
Emily,Hernandez,emily.hernandez@sample.net
Casey,Brown,casey.brown@testmail.com
Alex,Hernandez,alex.hernandez@testmail.com
Jane,Jones,jane.jones@testmail.com
Cameron,Brown,cameron.brown@mockup.io
Casey,Jones,casey.jones@demo.org
Taylor,Brown,taylor.brown@mockup.io
Jordan,Smith,jordan.smith@example.com
Casey,Brown,casey.brown@demo.org
Taylor,Williams,taylor.williams@sample.net
John,Hernandez,john.hernandez@demo.org
Alex,Johnson,alex.johnson@example.com
Casey,Martinez,casey.martinez@mockup.io
Alex,Brown,alex.brown@testmail.com
Alex,Williams,alex.williams@mockup.io
Chris,Smith,chris.smith@sample.net
John,Williams,john.williams@mockup.io
John,Davis,john.davis@mockup.io
Casey,Jones,casey.jones@sample.net
Jordan,Martinez,jordan.martinez@mockup.io
Emily,Jones,emily.jones@example.com
Casey,Martinez,casey.martinez@testmail.com
Emily,Garcia,emily.garcia@demo.org
Morgan,Smith,morgan.smith@testmail.com
Jane,Davis,jane.davis@mockup.io
Alex,Johnson,alex.johnson@testmail.com
Alex,Martinez,alex.martinez@mockup.io
Alex,Martinez,alex.martinez@demo.org
Chris,Garcia,chris.garcia@mockup.io
Alex,Jones,alex.jones@demo.org
Morgan,Martinez,morgan.martinez@demo.org
Morgan,Davis,morgan.davis@demo.org
Jane,Davis,jane.davis@sample.net
Cameron,Davis,cameron.davis@sample.net
Jane,Williams,jane.williams@example.com
Cameron,Hernandez,cameron.hernandez@mockup.io
Alex,Williams,alex.williams@demo.org
Chris,Garcia,chris.garcia@sample.net
John,Smith,john.smith@mockup.io
Cameron,Garcia,cameron.garcia@mockup.io
Cameron,Garcia,cameron.garcia@example.com
John,Davis,john.davis@demo.org
Jane,Jones,jane.jones@mockup.io
Emily,Williams,emily.williams@demo.org
Chris,Smith,chris.smith@demo.org
Cameron,Brown,cameron.brown@demo.org
Jane,Miller,jane.miller@testmail.com
John,Miller,john.miller@mockup.io
Alex,Martinez,alex.martinez@example.com
Alex,Martinez,alex.martinez@example.com
Morgan,Johnson,morgan.johnson@sample.net
Jordan,Jones,jordan.jones@testmail.com
Casey,Martinez,casey.martinez@demo.org
Casey,Garcia,casey.garcia@mockup.io
Chris,Williams,chris.williams@demo.org
Chris,Johnson,chris.johnson@testmail.com
Jordan,Davis,jordan.davis@mockup.io
Casey,Johnson,casey.johnson@example.com
Casey,Smith,casey.smith@demo.org
Casey,Williams,casey.williams@mockup.io
Chris,Davis,chris.davis@demo.org
Jane,Hernandez,jane.hernandez@sample.net
Cameron,Miller,cameron.miller@sample.net
John,Garcia,john.garcia@sample.net
Jordan,Miller,jordan.miller@testmail.com
Casey,Martinez,casey.martinez@demo.org
Morgan,Garcia,morgan.garcia@mockup.io
Casey,Williams,casey.williams@sample.net
Morgan,Martinez,morgan.martinez@example.com
Taylor,Miller,taylor.miller@example.com
Morgan,Jones,morgan.jones@demo.org
Emily,Martinez,emily.martinez@testmail.com
Chris,Johnson,chris.johnson@example.com
Alex,Smith,alex.smith@demo.org
Cameron,Hernandez,cameron.hernandez@sample.net
Taylor,Davis,taylor.davis@example.com
Taylor,Hernandez,taylor.hernandez@demo.org
Emily,Hernandez,emily.hernandez@testmail.com
Jordan,Garcia,jordan.garcia@demo.org
Morgan,Miller,morgan.miller@demo.org
Jordan,Johnson,jordan.johnson@mockup.io
Cameron,Brown,cameron.brown@mockup.io
Chris,Martinez,chris.martinez@mockup.io
John,Hernandez,john.hernandez@example.com
Cameron,Brown,cameron.brown@example.com
Cameron,Davis,cameron.davis@demo.org
Jane,Hernandez,jane.hernandez@example.com
Cameron,Smith,cameron.smith@mockup.io
Chris,Miller,chris.miller@testmail.com
Taylor,Jones,taylor.jones@testmail.com
Jordan,Jones,jordan.jones@mockup.io
Jane,Smith,jane.smith@sample.net
Jordan,Brown,jordan.brown@example.com
Casey,Miller,casey.miller@demo.org
Jane,Hernandez,jane.hernandez@demo.org
Casey,Brown,casey.brown@mockup.io
Morgan,Jones,morgan.jones@testmail.com
Chris,Miller,chris.miller@testmail.com
Jordan,Garcia,jordan.garcia@testmail.com
Jordan,Jones,jordan.jones@mockup.io
Jordan,Garcia,jordan.garcia@testmail.com
Jane,Hernandez,jane.hernandez@example.com
Morgan,Martinez,morgan.martinez@testmail.com
Alex,Williams,alex.williams@testmail.com
Emily,Hernandez,emily.hernandez@testmail.com
Taylor,Smith,taylor.smith@example.com
Chris,Hernandez,chris.hernandez@sample.net
Jordan,Hernandez,jordan.hernandez@example.com
Chris,Jones,chris.jones@demo.org
Jordan,Brown,jordan.brown@example.com
Taylor,Brown,taylor.brown@demo.org
Morgan,Garcia,morgan.garcia@example.com
Jordan,Johnson,jordan.johnson@demo.org
Emily,Smith,emily.smith@sample.net
John,Jones,john.jones@demo.org
Emily,Martinez,emily.martinez@mockup.io
Jane,Williams,jane.williams@sample.net
Cameron,Davis,cameron.davis@mockup.io
Jordan,Brown,jordan.brown@demo.org
Jordan,Martinez,jordan.martinez@example.com
Chris,Johnson,chris.johnson@testmail.com
Casey,Williams,casey.williams@testmail.com
John,Smith,john.smith@example.com
Taylor,Garcia,taylor.garcia@example.com
Jane,Johnson,jane.johnson@mockup.io
Jane,Martinez,jane.martinez@demo.org
John,Smith,john.smith@demo.org
Alex,Smith,alex.smith@testmail.com
Emily,Brown,emily.brown@mockup.io
Alex,Martinez,alex.martinez@example.com
Alex,Jones,alex.jones@testmail.com
Taylor,Davis,taylor.davis@mockup.io
Taylor,Jones,taylor.jones@example.com
Emily,Garcia,emily.garcia@demo.org
John,Davis,john.davis@example.com
Cameron,Jones,cameron.jones@mockup.io
John,Hernandez,john.hernandez@demo.org
Taylor,Brown,taylor.brown@demo.org
Jordan,Martinez,jordan.martinez@sample.net
Chris,Miller,chris.miller@sample.net
Taylor,Miller,taylor.miller@demo.org
Jane,Davis,jane.davis@testmail.com
Emily,Brown,emily.brown@demo.org
Casey,Garcia,casey.garcia@demo.org
Alex,Brown,alex.brown@mockup.io
Taylor,Johnson,taylor.johnson@example.com
Taylor,Hernandez,taylor.hernandez@mockup.io
Taylor,Garcia,taylor.garcia@sample.net
John,Williams,john.williams@sample.net
Morgan,Brown,morgan.brown@demo.org
Jordan,Garcia,jordan.garcia@sample.net
Jordan,Jones,jordan.jones@sample.net
Taylor,Smith,taylor.smith@mockup.io
John,Martinez,john.martinez@demo.org
Alex,Williams,alex.williams@example.com
Jane,Garcia,jane.garcia@demo.org
Chris,Hernandez,chris.hernandez@mockup.io
Chris,Smith,chris.smith@mockup.io
Cameron,Williams,cameron.williams@demo.org
John,Davis,john.davis@demo.org
Taylor,Miller,taylor.miller@sample.net
Emily,Smith,emily.smith@demo.org
Jordan,Hernandez,jordan.hernandez@demo.org
Chris,Hernandez,chris.hernandez@testmail.com
Jane,Johnson,jane.johnson@testmail.com
Chris,Hernandez,chris.hernandez@mockup.io
Morgan,Hernandez,morgan.hernandez@demo.org
Alex,Garcia,alex.garcia@demo.org
Taylor,Jones,taylor.jones@mockup.io
Emily,Hernandez,emily.hernandez@sample.net
Morgan,Brown,morgan.brown@sample.net
Morgan,Smith,morgan.smith@demo.org
Morgan,Miller,morgan.miller@demo.org
John,Miller,john.miller@example.com
John,Johnson,john.johnson@sample.net
Casey,Williams,casey.williams@mockup.io
Casey,Jones,casey.jones@example.com
Alex,Davis,alex.davis@testmail.com
Jordan,Jones,jordan.jones@example.com
Cameron,Brown,cameron.brown@example.com
Jane,Garcia,jane.garcia@mockup.io
Emily,Hernandez,emily.hernandez@demo.org
Chris,Garcia,chris.garcia@mockup.io
Alex,Brown,alex.brown@sample.net
Jordan,Smith,jordan.smith@mockup.io
Chris,Jones,chris.jones@demo.org
Alex,Smith,alex.smith@example.com
Cameron,Brown,cameron.brown@example.com
Morgan,Hernandez,morgan.hernandez@sample.net
John,Garcia,john.garcia@example.com
Chris,Garcia,chris.garcia@mockup.io
Chris,Garcia,chris.garcia@sample.net
Alex,Miller,alex.miller@testmail.com
Alex,Johnson,alex.johnson@mockup.io
Taylor,Smith,taylor.smith@example.com
Casey,Garcia,casey.garcia@sample.net
Alex,Smith,alex.smith@example.com
Cameron,Martinez,cameron.martinez@demo.org
Cameron,Garcia,cameron.garcia@example.com
Morgan,Hernandez,morgan.hernandez@example.com
Emily,Hernandez,emily.hernandez@demo.org
Chris,Hernandez,chris.hernandez@example.com
Jordan,Davis,jordan.davis@mockup.io
Morgan,Brown,morgan.brown@example.com
Jane,Williams,jane.williams@sample.net
Emily,Johnson,emily.johnson@mockup.io
Morgan,Hernandez,morgan.hernandez@example.com
Morgan,Williams,morgan.williams@sample.net
John,Miller,john.miller@example.com
Emily,Hernandez,emily.hernandez@demo.org
Casey,Jones,casey.jones@sample.net
Taylor,Davis,taylor.davis@example.com
Jordan,Johnson,jordan.johnson@testmail.com
Morgan,Martinez,morgan.martinez@mockup.io
Casey,Garcia,casey.garcia@demo.org
Emily,Brown,emily.brown@example.com
Alex,Jones,alex.jones@demo.org
John,Davis,john.davis@testmail.com
John,Williams,john.williams@testmail.com
Jordan,Davis,jordan.davis@testmail.com
Jordan,Davis,jordan.davis@demo.org
Taylor,Johnson,taylor.johnson@sample.net
John,Davis,john.davis@mockup.io
John,Davis,john.davis@mockup.io
Emily,Miller,emily.miller@sample.net
Jordan,Brown,jordan.brown@demo.org
Taylor,Martinez,taylor.martinez@mockup.io
Jane,Smith,jane.smith@testmail.com
Chris,Johnson,chris.johnson@example.com
John,Martinez,john.martinez@mockup.io
Jordan,Garcia,jordan.garcia@mockup.io
John,Hernandez,john.hernandez@testmail.com
Chris,Davis,chris.davis@demo.org
Alex,Smith,alex.smith@example.com
Morgan,Brown,morgan.brown@testmail.com
Alex,Brown,alex.brown@sample.net
Cameron,Miller,cameron.miller@sample.net
Taylor,Johnson,taylor.johnson@demo.org
Morgan,Brown,morgan.brown@sample.net
Jordan,Hernandez,jordan.hernandez@sample.net
Taylor,Smith,taylor.smith@sample.net
John,Brown,john.brown@testmail.com
Jane,Davis,jane.davis@mockup.io
Alex,Hernandez,alex.hernandez@demo.org
Cameron,Garcia,cameron.garcia@example.com
Casey,Brown,casey.brown@example.com
Jane,Miller,jane.miller@example.com
Casey,Miller,casey.miller@testmail.com
Casey,Hernandez,casey.hernandez@sample.net
John,Smith,john.smith@testmail.com
Emily,Garcia,emily.garcia@sample.net
Casey,Smith,casey.smith@testmail.com
Jane,Martinez,jane.martinez@mockup.io
Morgan,Brown,morgan.brown@demo.org
Jordan,Martinez,jordan.martinez@testmail.com
Morgan,Hernandez,morgan.hernandez@example.com
Jane,Brown,jane.brown@mockup.io
Chris,Smith,chris.smith@demo.org
John,Williams,john.williams@mockup.io
Cameron,Martinez,cameron.martinez@sample.net
Taylor,Hernandez,taylor.hernandez@demo.org
Emily,Johnson,emily.johnson@mockup.io
Jordan,Johnson,jordan.johnson@mockup.io
Jane,Martinez,jane.martinez@testmail.com
Jordan,Davis,jordan.davis@testmail.com
John,Smith,john.smith@example.com
Taylor,Miller,taylor.miller@mockup.io
John,Hernandez,john.hernandez@sample.net
Alex,Williams,alex.williams@example.com
Emily,Garcia,emily.garcia@example.com
Taylor,Brown,taylor.brown@testmail.com
Taylor,Davis,taylor.davis@sample.net
Jane,Williams,jane.williams@demo.org
Alex,Johnson,alex.johnson@example.com
Jordan,Brown,jordan.brown@testmail.com
Taylor,Brown,taylor.brown@testmail.com
Jane,Davis,jane.davis@example.com
John,Smith,john.smith@sample.net
Alex,Smith,alex.smith@example.com
Taylor,Brown,taylor.brown@demo.org
John,Garcia,john.garcia@testmail.com
Jordan,Johnson,jordan.johnson@mockup.io
Alex,Davis,alex.davis@demo.org
Emily,Davis,emily.davis@sample.net
Cameron,Williams,cameron.williams@sample.net
Taylor,Hernandez,taylor.hernandez@mockup.io
Alex,Brown,alex.brown@demo.org
Taylor,Hernandez,taylor.hernandez@mockup.io
Casey,Davis,casey.davis@example.com
Emily,Garcia,emily.garcia@example.com
John,Brown,john.brown@example.com
Casey,Davis,casey.davis@example.com
Emily,Smith,emily.smith@example.com
John,Brown,john.brown@mockup.io
Jordan,Martinez,jordan.martinez@example.com
Taylor,Jones,taylor.jones@example.com
Morgan,Garcia,morgan.garcia@mockup.io
Emily,Hernandez,emily.hernandez@testmail.com
John,Hernandez,john.hernandez@example.com
John,Smith,john.smith@sample.net
Emily,Davis,emily.davis@testmail.com
Chris,Johnson,chris.johnson@sample.net
Alex,Brown,alex.brown@demo.org
Chris,Jones,chris.jones@demo.org
John,Smith,john.smith@example.com
Taylor,Martinez,taylor.martinez@mockup.io
Jordan,Brown,jordan.brown@sample.net
Alex,Martinez,alex.martinez@testmail.com
Chris,Garcia,chris.garcia@sample.net
Jordan,Johnson,jordan.johnson@sample.net
Alex,Brown,alex.brown@demo.org
Casey,Martinez,casey.martinez@demo.org
Jane,Jones,jane.jones@testmail.com
Jane,Garcia,jane.garcia@demo.org
Chris,Martinez,chris.martinez@sample.net
Jordan,Hernandez,jordan.hernandez@mockup.io
Taylor,Martinez,taylor.martinez@example.com
Taylor,Williams,taylor.williams@example.com
Casey,Davis,casey.davis@sample.net
Morgan,Smith,morgan.smith@sample.net
Jane,Hernandez,jane.hernandez@example.com
Casey,Johnson,casey.johnson@sample.net
Cameron,Garcia,cameron.garcia@testmail.com
Taylor,Brown,taylor.brown@mockup.io
Jane,Davis,jane.davis@testmail.com
Taylor,Jones,taylor.jones@demo.org
Casey,Brown,casey.brown@demo.org
John,Garcia,john.garcia@testmail.com
Jane,Martinez,jane.martinez@mockup.io
Emily,Hernandez,emily.hernandez@sample.net
Emily,Williams,emily.williams@mockup.io
Jordan,Johnson,jordan.johnson@sample.net
Jordan,Smith,jordan.smith@testmail.com
Cameron,Williams,cameron.williams@testmail.com
Jordan,Hernandez,jordan.hernandez@mockup.io
Chris,Smith,chris.smith@sample.net
Jane,Johnson,jane.johnson@example.com
Chris,Brown,chris.brown@sample.net
Emily,Martinez,emily.martinez@example.com
Casey,Smith,casey.smith@example.com
Cameron,Williams,cameron.williams@example.com
Casey,Miller,casey.miller@demo.org
Cameron,Martinez,cameron.martinez@demo.org
John,Hernandez,john.hernandez@sample.net
Chris,Williams,chris.williams@mockup.io
John,Martinez,john.martinez@example.com
Taylor,Miller,taylor.miller@testmail.com
Chris,Williams,chris.williams@example.com
Jordan,Davis,jordan.davis@example.com
Casey,Garcia,casey.garcia@mockup.io
Alex,Hernandez,alex.hernandez@sample.net
Emily,Smith,emily.smith@mockup.io
Alex,Brown,alex.brown@demo.org
Jane,Johnson,jane.johnson@testmail.com
Chris,Brown,chris.brown@sample.net
Chris,Garcia,chris.garcia@demo.org
Taylor,Johnson,taylor.johnson@mockup.io
Alex,Hernandez,alex.hernandez@example.com
Morgan,Miller,morgan.miller@mockup.io
John,Jones,john.jones@mockup.io
Cameron,Garcia,cameron.garcia@testmail.com
Chris,Hernandez,chris.hernandez@mockup.io
John,Johnson,john.johnson@sample.net
John,Garcia,john.garcia@example.com
Chris,Davis,chris.davis@mockup.io
John,Jones,john.jones@sample.net
Taylor,Brown,taylor.brown@example.com
Alex,Smith,alex.smith@demo.org
John,Hernandez,john.hernandez@example.com
Casey,Davis,casey.davis@example.com
Cameron,Smith,cameron.smith@demo.org
Chris,Brown,chris.brown@testmail.com
Chris,Hernandez,chris.hernandez@testmail.com
Emily,Brown,emily.brown@example.com
Taylor,Davis,taylor.davis@testmail.com
Taylor,Davis,taylor.davis@mockup.io
Alex,Davis,alex.davis@sample.net
Jane,Martinez,jane.martinez@mockup.io
Jordan,Hernandez,jordan.hernandez@example.com
Cameron,Davis,cameron.davis@mockup.io
Emily,Garcia,emily.garcia@sample.net
Cameron,Hernandez,cameron.hernandez@example.com
Jane,Garcia,jane.garcia@mockup.io
John,Hernandez,john.hernandez@demo.org
Alex,Jones,alex.jones@mockup.io
Alex,Williams,alex.williams@sample.net
Alex,Garcia,alex.garcia@mockup.io
Casey,Smith,casey.smith@demo.org
Jordan,Davis,jordan.davis@mockup.io
Cameron,Miller,cameron.miller@sample.net
Chris,Williams,chris.williams@testmail.com
Cameron,Williams,cameron.williams@sample.net
Jordan,Martinez,jordan.martinez@testmail.com
Morgan,Johnson,morgan.johnson@testmail.com
Emily,Jones,emily.jones@example.com
Morgan,Martinez,morgan.martinez@testmail.com
Casey,Johnson,casey.johnson@testmail.com
Emily,Garcia,emily.garcia@demo.org
Emily,Brown,emily.brown@demo.org
Morgan,Williams,morgan.williams@demo.org
Chris,Hernandez,chris.hernandez@example.com
Jane,Jones,jane.jones@mockup.io
Taylor,Garcia,taylor.garcia@sample.net
Taylor,Martinez,taylor.martinez@example.com
Jane,Miller,jane.miller@example.com
Jordan,Hernandez,jordan.hernandez@demo.org
Alex,Johnson,alex.johnson@demo.org
Morgan,Brown,morgan.brown@testmail.com
Casey,Williams,casey.williams@testmail.com
Taylor,Johnson,taylor.johnson@example.com
John,Jones,john.jones@mockup.io
John,Jones,john.jones@mockup.io
Jane,Garcia,jane.garcia@example.com
Casey,Miller,casey.miller@demo.org
John,Miller,john.miller@sample.net
Casey,Brown,casey.brown@sample.net
Taylor,Williams,taylor.williams@sample.net
Chris,Johnson,chris.johnson@testmail.com
Casey,Martinez,casey.martinez@mockup.io
Chris,Garcia,chris.garcia@example.com
Casey,Jones,casey.jones@mockup.io
John,Miller,john.miller@demo.org
Emily,Brown,emily.brown@mockup.io
Cameron,Miller,cameron.miller@sample.net
Emily,Johnson,emily.johnson@example.com
John,Garcia,john.garcia@testmail.com
Taylor,Williams,taylor.williams@mockup.io
John,Johnson,john.johnson@testmail.com
Taylor,Brown,taylor.brown@demo.org
Chris,Brown,chris.brown@testmail.com
John,Smith,john.smith@demo.org
Casey,Martinez,casey.martinez@testmail.com
Casey,Brown,casey.brown@demo.org
Chris,Hernandez,chris.hernandez@sample.net
Chris,Garcia,chris.garcia@testmail.com
Jane,Garcia,jane.garcia@sample.net
Cameron,Johnson,cameron.johnson@example.com
Jordan,Hernandez,jordan.hernandez@demo.org
Jane,Martinez,jane.martinez@sample.net
Emily,Brown,emily.brown@demo.org
Casey,Davis,casey.davis@testmail.com
Chris,Jones,chris.jones@testmail.com
Chris,Williams,chris.williams@sample.net
Cameron,Martinez,cameron.martinez@mockup.io
Cameron,Garcia,cameron.garcia@mockup.io
Cameron,Martinez,cameron.martinez@example.com
Chris,Smith,chris.smith@testmail.com
Taylor,Williams,taylor.williams@sample.net
Jane,Williams,jane.williams@mockup.io
Chris,Hernandez,chris.hernandez@demo.org
Emily,Hernandez,emily.hernandez@example.com
Alex,Davis,alex.davis@mockup.io
Cameron,Jones,cameron.jones@mockup.io
Taylor,Jones,taylor.jones@sample.net
Jordan,Johnson,jordan.johnson@demo.org
Cameron,Garcia,cameron.garcia@demo.org
Jordan,Williams,jordan.williams@example.com
Jane,Miller,jane.miller@example.com
Chris,Martinez,chris.martinez@mockup.io
Morgan,Jones,morgan.jones@mockup.io
Cameron,Williams,cameron.williams@mockup.io
Alex,Martinez,alex.martinez@testmail.com
Jane,Brown,jane.brown@sample.net
John,Brown,john.brown@mockup.io
Alex,Martinez,alex.martinez@mockup.io
Chris,Brown,chris.brown@example.com
Taylor,Garcia,taylor.garcia@testmail.com
Emily,Davis,emily.davis@sample.net
Emily,Davis,emily.davis@sample.net
Taylor,Johnson,taylor.johnson@sample.net
Morgan,Smith,morgan.smith@sample.net
Cameron,Martinez,cameron.martinez@demo.org
Taylor,Williams,taylor.williams@example.com
Emily,Smith,emily.smith@sample.net
Cameron,Davis,cameron.davis@sample.net
Chris,Jones,chris.jones@testmail.com
Jane,Miller,jane.miller@example.com
Chris,Miller,chris.miller@demo.org
Jordan,Williams,jordan.williams@sample.net
Morgan,Martinez,morgan.martinez@demo.org
Alex,Smith,alex.smith@testmail.com
Taylor,Johnson,taylor.johnson@example.com
Morgan,Miller,morgan.miller@mockup.io
Cameron,Garcia,cameron.garcia@testmail.com
Taylor,Davis,taylor.davis@mockup.io
Chris,Johnson,chris.johnson@demo.org
Casey,Martinez,casey.martinez@example.com
Taylor,Davis,taylor.davis@example.com
Jordan,Brown,jordan.brown@sample.net
Morgan,Williams,morgan.williams@mockup.io
Morgan,Johnson,morgan.johnson@mockup.io
Jordan,Smith,jordan.smith@demo.org
Emily,Hernandez,emily.hernandez@testmail.com
Jane,Hernandez,jane.hernandez@demo.org
Chris,Johnson,chris.johnson@mockup.io
Taylor,Garcia,taylor.garcia@example.com
Jane,Jones,jane.jones@sample.net
Chris,Martinez,chris.martinez@demo.org
Taylor,Williams,taylor.williams@demo.org
Alex,Garcia,alex.garcia@demo.org
John,Hernandez,john.hernandez@sample.net
Jane,Smith,jane.smith@sample.net
Jordan,Miller,jordan.miller@example.com
Chris,Hernandez,chris.hernandez@testmail.com
Morgan,Garcia,morgan.garcia@mockup.io
Casey,Miller,casey.miller@testmail.com
Morgan,Jones,morgan.jones@testmail.com
Chris,Miller,chris.miller@sample.net
Chris,Williams,chris.williams@sample.net
Taylor,Brown,taylor.brown@sample.net
Morgan,Davis,morgan.davis@testmail.com
Cameron,Smith,cameron.smith@testmail.com
John,Smith,john.smith@example.com
Cameron,Williams,cameron.williams@testmail.com
John,Brown,john.brown@testmail.com
Alex,Smith,alex.smith@sample.net
Casey,Smith,casey.smith@example.com
Casey,Jones,casey.jones@demo.org
Emily,Garcia,emily.garcia@sample.net
John,Hernandez,john.hernandez@sample.net
Jordan,Smith,jordan.smith@testmail.com
Chris,Martinez,chris.martinez@demo.org
Emily,Johnson,emily.johnson@mockup.io
Cameron,Garcia,cameron.garcia@testmail.com
Emily,Davis,emily.davis@demo.org
Emily,Davis,emily.davis@mockup.io
Emily,Davis,emily.davis@sample.net
Taylor,Davis,taylor.davis@mockup.io
John,Davis,john.davis@testmail.com
Jane,Brown,jane.brown@mockup.io
Morgan,Jones,morgan.jones@sample.net
Jordan,Williams,jordan.williams@testmail.com
Jane,Johnson,jane.johnson@testmail.com
Jordan,Jones,jordan.jones@mockup.io
Taylor,Williams,taylor.williams@testmail.com
Chris,Hernandez,chris.hernandez@example.com
Casey,Williams,casey.williams@example.com
Taylor,Garcia,taylor.garcia@testmail.com
Casey,Davis,casey.davis@demo.org
John,Miller,john.miller@mockup.io
Alex,Martinez,alex.martinez@sample.net
Casey,Garcia,casey.garcia@testmail.com
Morgan,Hernandez,morgan.hernandez@demo.org
Jane,Smith,jane.smith@testmail.com
Jane,Brown,jane.brown@mockup.io
Casey,Martinez,casey.martinez@example.com
Taylor,Miller,taylor.miller@sample.net
Alex,Williams,alex.williams@mockup.io
Emily,Hernandez,emily.hernandez@testmail.com
John,Davis,john.davis@testmail.com
Taylor,Garcia,taylor.garcia@example.com
John,Garcia,john.garcia@testmail.com
Taylor,Miller,taylor.miller@demo.org
Chris,Brown,chris.brown@testmail.com
Jordan,Hernandez,jordan.hernandez@mockup.io
Chris,Garcia,chris.garcia@mockup.io
Morgan,Hernandez,morgan.hernandez@demo.org
Taylor,Martinez,taylor.martinez@mockup.io
John,Smith,john.smith@mockup.io
Morgan,Garcia,morgan.garcia@example.com
John,Williams,john.williams@example.com
John,Garcia,john.garcia@mockup.io
Taylor,Johnson,taylor.johnson@demo.org
Morgan,Johnson,morgan.johnson@example.com
Emily,Martinez,emily.martinez@demo.org
Emily,Martinez,emily.martinez@mockup.io
John,Garcia,john.garcia@testmail.com
Casey,Brown,casey.brown@example.com
Alex,Garcia,alex.garcia@testmail.com
Cameron,Smith,cameron.smith@mockup.io
Jane,Garcia,jane.garcia@demo.org
Cameron,Garcia,cameron.garcia@testmail.com
Morgan,Williams,morgan.williams@example.com
Morgan,Brown,morgan.brown@mockup.io
Alex,Garcia,alex.garcia@demo.org
Jane,Garcia,jane.garcia@example.com
Casey,Johnson,casey.johnson@sample.net
Casey,Brown,casey.brown@sample.net
John,Brown,john.brown@demo.org
Jordan,Jones,jordan.jones@mockup.io
Jordan,Brown,jordan.brown@example.com
Alex,Smith,alex.smith@demo.org
Casey,Brown,casey.brown@demo.org
John,Martinez,john.martinez@example.com
Emily,Garcia,emily.garcia@testmail.com
Morgan,Garcia,morgan.garcia@testmail.com
Jane,Miller,jane.miller@mockup.io
Casey,Smith,casey.smith@mockup.io
Cameron,Smith,cameron.smith@testmail.com
John,Jones,john.jones@mockup.io
Chris,Miller,chris.miller@example.com
Jordan,Davis,jordan.davis@demo.org
Morgan,Johnson,morgan.johnson@mockup.io
John,Williams,john.williams@example.com
Alex,Miller,alex.miller@example.com
Alex,Smith,alex.smith@mockup.io
Jordan,Williams,jordan.williams@sample.net
Emily,Garcia,emily.garcia@demo.org
Taylor,Jones,taylor.jones@testmail.com
Casey,Martinez,casey.martinez@example.com
Jane,Hernandez,jane.hernandez@demo.org
Jane,Brown,jane.brown@sample.net
John,Jones,john.jones@sample.net
Alex,Garcia,alex.garcia@testmail.com
Cameron,Jones,cameron.jones@testmail.com
Casey,Williams,casey.williams@mockup.io
Jane,Smith,jane.smith@example.com
Alex,Johnson,alex.johnson@demo.org
Jane,Miller,jane.miller@demo.org
Emily,Smith,emily.smith@mockup.io
Emily,Hernandez,emily.hernandez@mockup.io
Emily,Miller,emily.miller@testmail.com
Cameron,Brown,cameron.brown@sample.net
Alex,Jones,alex.jones@testmail.com
Jordan,Hernandez,jordan.hernandez@demo.org
Taylor,Martinez,taylor.martinez@sample.net
Casey,Jones,casey.jones@sample.net
Alex,Martinez,alex.martinez@sample.net
Jordan,Hernandez,jordan.hernandez@testmail.com
Casey,Williams,casey.williams@example.com
Taylor,Martinez,taylor.martinez@sample.net
Morgan,Miller,morgan.miller@testmail.com
Chris,Johnson,chris.johnson@sample.net
Morgan,Davis,morgan.davis@sample.net
Jane,Jones,jane.jones@demo.org
Cameron,Johnson,cameron.johnson@demo.org
Jordan,Jones,jordan.jones@mockup.io
Emily,Davis,emily.davis@example.com
Casey,Williams,casey.williams@sample.net
Emily,Martinez,emily.martinez@testmail.com
Casey,Hernandez,casey.hernandez@mockup.io
John,Hernandez,john.hernandez@mockup.io
Casey,Miller,casey.miller@testmail.com
Chris,Garcia,chris.garcia@testmail.com
Casey,Garcia,casey.garcia@example.com
Taylor,Smith,taylor.smith@mockup.io
Morgan,Smith,morgan.smith@sample.net
Cameron,Hernandez,cameron.hernandez@sample.net
John,Davis,john.davis@mockup.io
Chris,Martinez,chris.martinez@sample.net
Alex,Martinez,alex.martinez@sample.net
Jane,Martinez,jane.martinez@demo.org
Taylor,Brown,taylor.brown@demo.org
Jane,Williams,jane.williams@sample.net
Taylor,Brown,taylor.brown@demo.org
Alex,Johnson,alex.johnson@mockup.io
Taylor,Martinez,taylor.martinez@sample.net
Cameron,Miller,cameron.miller@testmail.com
John,Miller,john.miller@sample.net
Alex,Johnson,alex.johnson@sample.net
Casey,Martinez,casey.martinez@mockup.io
Jordan,Garcia,jordan.garcia@testmail.com
Jordan,Johnson,jordan.johnson@sample.net
Chris,Davis,chris.davis@sample.net
Taylor,Williams,taylor.williams@demo.org
Emily,Smith,emily.smith@example.com
Taylor,Smith,taylor.smith@example.com
Emily,Smith,emily.smith@demo.org
Jane,Hernandez,jane.hernandez@mockup.io
Casey,Hernandez,casey.hernandez@testmail.com
Morgan,Brown,morgan.brown@sample.net
Alex,Jones,alex.jones@sample.net
Alex,Hernandez,alex.hernandez@demo.org
Jordan,Johnson,jordan.johnson@testmail.com
Morgan,Johnson,morgan.johnson@mockup.io
Morgan,Martinez,morgan.martinez@testmail.com
John,Smith,john.smith@demo.org
Casey,Miller,casey.miller@sample.net
Taylor,Brown,taylor.brown@example.com
Emily,Miller,emily.miller@example.com
Jordan,Martinez,jordan.martinez@demo.org
Jane,Jones,jane.jones@demo.org
Jane,Hernandez,jane.hernandez@mockup.io
Cameron,Hernandez,cameron.hernandez@sample.net
Casey,Davis,casey.davis@testmail.com
Morgan,Davis,morgan.davis@example.com
Taylor,Hernandez,taylor.hernandez@demo.org
Chris,Martinez,chris.martinez@sample.net
Morgan,Johnson,morgan.johnson@mockup.io
Taylor,Garcia,taylor.garcia@sample.net
John,Martinez,john.martinez@sample.net
John,Williams,john.williams@sample.net
Taylor,Brown,taylor.brown@mockup.io
Jane,Johnson,jane.johnson@testmail.com
Cameron,Hernandez,cameron.hernandez@demo.org
Jane,Jones,jane.jones@testmail.com
Emily,Davis,emily.davis@testmail.com
Casey,Johnson,casey.johnson@example.com
John,Smith,john.smith@example.com
Morgan,Jones,morgan.jones@example.com
Jordan,Johnson,jordan.johnson@sample.net
Morgan,Miller,morgan.miller@example.com
Jordan,Smith,jordan.smith@sample.net
Taylor,Garcia,taylor.garcia@demo.org
John,Hernandez,john.hernandez@demo.org
Jordan,Hernandez,jordan.hernandez@demo.org
Cameron,Smith,cameron.smith@mockup.io
Alex,Hernandez,alex.hernandez@example.com
John,Smith,john.smith@example.com
Emily,Garcia,emily.garcia@mockup.io
Jordan,Johnson,jordan.johnson@mockup.io
Jane,Jones,jane.jones@demo.org
Alex,Garcia,alex.garcia@testmail.com
Cameron,Martinez,cameron.martinez@demo.org
Casey,Johnson,casey.johnson@example.com
Jordan,Garcia,jordan.garcia@mockup.io
Casey,Williams,casey.williams@sample.net
Jordan,Johnson,jordan.johnson@example.com
Jane,Williams,jane.williams@mockup.io
Casey,Johnson,casey.johnson@example.com
Emily,Brown,emily.brown@mockup.io
Jordan,Martinez,jordan.martinez@demo.org
Chris,Johnson,chris.johnson@testmail.com
Jordan,Williams,jordan.williams@example.com
Chris,Johnson,chris.johnson@demo.org
Cameron,Smith,cameron.smith@testmail.com
Jordan,Miller,jordan.miller@example.com
Morgan,Davis,morgan.davis@sample.net
Jane,Martinez,jane.martinez@testmail.com
John,Smith,john.smith@example.com
Cameron,Miller,cameron.miller@mockup.io
Cameron,Brown,cameron.brown@demo.org
Jane,Jones,jane.jones@sample.net
John,Johnson,john.johnson@sample.net
John,Miller,john.miller@testmail.com
John,Williams,john.williams@example.com
Emily,Davis,emily.davis@demo.org
Jordan,Hernandez,jordan.hernandez@mockup.io
Emily,Hernandez,emily.hernandez@example.com
Jane,Johnson,jane.johnson@testmail.com
Emily,Smith,emily.smith@mockup.io
Cameron,Williams,cameron.williams@example.com
Jane,Jones,jane.jones@testmail.com
Taylor,Davis,taylor.davis@demo.org
Jane,Miller,jane.miller@example.com
Emily,Jones,emily.jones@demo.org
Chris,Miller,chris.miller@example.com
Emily,Hernandez,emily.hernandez@testmail.com
Emily,Garcia,emily.garcia@demo.org
Morgan,Williams,morgan.williams@sample.net
Cameron,Martinez,cameron.martinez@demo.org
Alex,Williams,alex.williams@testmail.com
Jordan,Brown,jordan.brown@demo.org
Taylor,Jones,taylor.jones@testmail.com
John,Garcia,john.garcia@demo.org
